{"cameraMode":{"drawMode":0,"name":"Shaded","section":"Shading Mode"},"sceneLighting":true,"audioPlay":false,"sceneViewState":{"m_AlwaysRefresh":false,"showFog":true,"showSkybox":true,"showFlares":true,"showImageEffects":true,"showParticleSystems":true,"showVisualEffectGraphs":true,"m_FxEnabled":true},"in2DMode":false,"pivot":{"x":-0.45227956771850588,"y":0.37261271476745608,"z":-1.0390148162841797},"rotation":{"x":-0.010047117248177529,"y":0.9261577129364014,"z":-0.37617358565330508,"w":-0.024732088670134546},"size":4.321743488311768,"orthographic":true}